Time,Sentiment
2018/1/1 1:00,positive
2018/1/1 4:27,positive
2018/1/1 7:03,positive
2018/1/1 7:40,positive
2018/1/1 7:42,negative
2018/1/1 8:22,positive
2018/1/1 8:35,positive
2018/1/1 8:56,positive
2018/1/1 14:09,positive
2018/1/1 15:58,neutral
2018/1/1 17:26,positive
2018/1/1 18:46,positive
2018/1/1 18:58,positive
2018/1/2 3:22,positive
2018/1/2 3:42,negative
2018/1/2 4:06,positive
2018/1/2 5:23,positive
2018/1/2 5:33,positive
2018/1/2 5:46,negative
2018/1/2 6:06,positive
2018/1/2 7:11,positive
2018/1/2 7:12,positive
2018/1/2 7:33,positive
2018/1/2 7:36,positive
2018/1/2 7:56,negative
2018/1/2 7:59,neutral
2018/1/2 8:08,neutral
2018/1/2 8:33,positive
2018/1/2 8:36,negative
2018/1/2 8:48,positive
2018/1/2 8:53,positive
2018/1/2 9:08,positive
2018/1/2 9:09,positive
2018/1/2 9:22,negative
2018/1/2 9:49,positive
2018/1/2 9:53,positive
2018/1/2 10:00,positive
2018/1/2 10:37,negative
2018/1/2 11:16,positive
2018/1/2 11:58,positive
2018/1/2 12:24,positive
2018/1/2 13:17,positive
2018/1/2 13:24,negative
2018/1/2 15:16,positive
2018/1/2 16:48,positive
2018/1/2 16:53,positive
2018/1/2 18:40,positive
2018/1/2 18:42,positive
2018/1/2 18:55,positive
2018/1/3 1:03,negative
2018/1/3 3:45,positive
2018/1/3 5:27,positive
2018/1/3 6:10,positive
2018/1/3 6:12,negative
2018/1/3 6:56,neutral
2018/1/3 6:59,positive
2018/1/3 6:59,positive
2018/1/3 7:02,negative
2018/1/3 7:24,positive
2018/1/3 7:30,positive
2018/1/3 7:58,positive
2018/1/3 8:19,positive
2018/1/3 8:47,positive
2018/1/3 9:35,positive
2018/1/3 9:49,positive
2018/1/3 11:04,positive
2018/1/3 11:34,positive
2018/1/3 11:51,negative
2018/1/3 12:14,negative
2018/1/3 12:19,negative
2018/1/3 12:22,positive
2018/1/3 12:39,negative
2018/1/3 13:05,positive
2018/1/3 13:38,positive
2018/1/3 13:40,positive
2018/1/3 14:11,positive
2018/1/3 14:34,positive
2018/1/3 14:44,negative
2018/1/3 15:58,positive
2018/1/3 16:00,positive
2018/1/3 16:36,neutral
2018/1/3 17:42,positive
2018/1/3 18:47,positive
2018/1/4 3:50,neutral
2018/1/4 5:39,positive
2018/1/4 5:46,positive
2018/1/4 6:32,positive
2018/1/4 6:36,positive
2018/1/4 6:37,positive
2018/1/4 7:09,positive
2018/1/4 8:11,positive
2018/1/4 8:13,negative
2018/1/4 8:17,positive
2018/1/4 8:25,positive
2018/1/4 8:59,positive
2018/1/4 10:10,positive
2018/1/4 10:22,negative
2018/1/4 10:32,positive
2018/1/4 10:53,positive
2018/1/4 10:57,negative
2018/1/4 11:08,neutral
2018/1/4 11:37,positive
2018/1/4 11:40,positive
2018/1/4 11:57,neutral
2018/1/4 12:06,negative
2018/1/4 13:51,positive
2018/1/4 14:10,positive
2018/1/4 14:40,positive
2018/1/4 15:12,positive
2018/1/4 15:41,positive
2018/1/4 15:52,positive
2018/1/4 16:01,positive
2018/1/4 16:18,positive
2018/1/4 16:42,negative
2018/1/4 16:47,negative
2018/1/4 17:24,positive
2018/1/4 18:18,neutral
2018/1/4 20:22,negative
2018/1/4 21:49,positive
2018/1/5 4:30,positive
2018/1/5 4:53,positive
2018/1/5 6:12,positive
2018/1/5 6:45,positive
2018/1/5 6:55,positive
2018/1/5 7:10,positive
2018/1/5 7:13,positive
2018/1/5 7:24,positive
2018/1/5 7:27,neutral
2018/1/5 7:40,positive
2018/1/5 7:53,positive
2018/1/5 8:10,positive
2018/1/5 9:22,positive
2018/1/5 10:08,positive
2018/1/5 10:27,positive
2018/1/5 10:45,positive
2018/1/5 12:20,negative
2018/1/5 12:38,negative
2018/1/5 12:48,positive
2018/1/5 13:44,negative
2018/1/5 13:57,positive
2018/1/5 14:06,negative
2018/1/5 17:23,positive
2018/1/5 17:58,negative
2018/1/5 19:12,positive
2018/1/5 19:27,negative
2018/1/5 20:33,positive
2018/1/5 21:00,positive
2018/1/6 6:10,positive
2018/1/6 6:12,positive
2018/1/6 6:41,positive
2018/1/6 6:47,positive
2018/1/6 6:51,positive
2018/1/6 7:52,positive
2018/1/6 8:05,positive
2018/1/6 8:30,positive
2018/1/6 8:41,positive
2018/1/6 8:46,negative
2018/1/6 8:53,positive
2018/1/6 9:21,positive
2018/1/6 9:22,positive
2018/1/6 11:34,positive
2018/1/6 12:38,positive
2018/1/6 14:58,positive
2018/1/6 15:17,positive
2018/1/6 19:13,positive
2018/1/6 19:28,positive
2018/1/6 20:32,neutral
2018/1/6 20:35,negative
2018/1/7 6:41,positive
2018/1/7 6:53,positive
2018/1/7 7:13,positive
2018/1/7 8:11,positive
2018/1/7 8:33,positive
2018/1/7 8:47,positive
2018/1/7 9:29,positive
2018/1/7 10:03,positive
2018/1/7 10:03,positive
2018/1/7 10:52,positive
2018/1/7 11:59,negative
2018/1/7 13:02,positive
2018/1/7 13:20,positive
2018/1/7 14:08,positive
2018/1/7 15:32,positive
2018/1/7 16:00,positive
2018/1/7 16:06,positive
2018/1/7 16:53,positive
2018/1/7 16:54,positive
2018/1/7 18:03,positive
2018/1/7 18:44,positive
2018/1/7 19:12,positive
2018/1/7 19:18,positive
2018/1/7 19:47,positive
2018/1/8 3:16,positive
2018/1/8 3:40,positive
2018/1/8 3:56,positive
2018/1/8 4:05,positive
2018/1/8 6:10,positive
2018/1/8 6:34,positive
2018/1/8 7:06,negative
2018/1/8 7:51,positive
2018/1/8 8:42,positive
2018/1/8 8:43,positive
2018/1/8 8:51,positive
2018/1/8 9:48,positive
2018/1/8 9:53,negative
2018/1/8 10:24,positive
2018/1/8 10:33,positive
2018/1/8 10:54,positive
2018/1/8 11:10,positive
2018/1/8 12:54,positive
2018/1/8 13:35,positive
2018/1/8 14:33,positive
2018/1/8 15:01,positive
2018/1/8 15:45,positive
2018/1/8 16:10,positive
2018/1/8 17:51,positive
2018/1/8 20:05,neutral
2018/1/8 20:47,positive
2018/1/9 0:57,positive
2018/1/9 3:39,positive
2018/1/9 5:35,positive
2018/1/9 5:36,positive
2018/1/9 5:38,positive
2018/1/9 6:30,positive
2018/1/9 6:32,positive
2018/1/9 6:37,positive
2018/1/9 7:01,positive
2018/1/9 7:01,positive
2018/1/9 7:02,negative
2018/1/9 7:03,negative
2018/1/9 7:43,positive
2018/1/9 7:50,positive
2018/1/9 7:59,negative
2018/1/9 8:52,positive
2018/1/9 9:17,neutral
2018/1/9 9:24,positive
2018/1/9 9:27,positive
2018/1/9 10:51,positive
2018/1/9 10:58,negative
2018/1/9 11:14,positive
2018/1/9 11:16,neutral
2018/1/9 11:38,positive
2018/1/9 12:09,positive
2018/1/9 12:41,negative
2018/1/9 13:05,positive
2018/1/9 13:42,positive
2018/1/9 14:26,negative
2018/1/9 14:34,positive
2018/1/9 15:00,positive
2018/1/9 15:06,positive
2018/1/9 15:49,neutral
2018/1/9 16:40,neutral
2018/1/9 17:17,positive
2018/1/9 17:19,positive
2018/1/9 19:32,neutral
2018/1/9 19:41,positive
2018/1/10 4:48,positive
2018/1/10 5:26,positive
2018/1/10 6:08,positive
2018/1/10 6:11,positive
2018/1/10 6:18,positive
2018/1/10 7:02,positive
2018/1/10 7:03,negative
2018/1/10 7:04,positive
2018/1/10 7:11,positive
2018/1/10 7:23,positive
2018/1/10 7:23,positive
2018/1/10 7:26,positive
2018/1/10 7:36,positive
2018/1/10 7:37,positive
2018/1/10 7:52,positive
2018/1/10 8:06,positive
2018/1/10 8:50,positive
2018/1/10 8:50,neutral
2018/1/10 8:53,positive
2018/1/10 10:11,positive
2018/1/10 10:52,negative
2018/1/10 11:08,positive
2018/1/10 11:34,positive
2018/1/10 11:49,negative
2018/1/10 12:07,positive
2018/1/10 12:12,positive
2018/1/10 12:37,neutral
2018/1/10 12:40,positive
2018/1/10 13:04,positive
2018/1/10 14:37,positive
2018/1/10 14:53,negative
2018/1/10 17:18,positive
2018/1/10 18:43,positive
2018/1/10 18:56,positive
2018/1/10 19:10,positive
2018/1/10 19:25,negative
2018/1/10 19:39,positive
2018/1/10 22:39,neutral
2018/1/10 22:59,positive
2018/1/11 1:11,positive
2018/1/11 2:46,negative
2018/1/11 5:09,positive
2018/1/11 6:03,positive
2018/1/11 6:18,positive
2018/1/11 6:27,positive
2018/1/11 6:29,positive
2018/1/11 6:30,positive
2018/1/11 6:30,positive
2018/1/11 6:34,positive
2018/1/11 6:41,positive
2018/1/11 6:42,neutral
2018/1/11 6:47,positive
2018/1/11 6:53,neutral
2018/1/11 6:53,positive
2018/1/11 7:09,positive
2018/1/11 7:22,negative
2018/1/11 7:25,positive
2018/1/11 7:25,positive
2018/1/11 8:26,positive
2018/1/11 8:54,positive
2018/1/11 8:55,positive
2018/1/11 8:59,negative
2018/1/11 9:18,negative
2018/1/11 9:29,positive
2018/1/11 10:16,positive
2018/1/11 10:42,positive
2018/1/11 10:52,negative
2018/1/11 10:53,positive
2018/1/11 11:26,positive
2018/1/11 11:58,positive
2018/1/11 12:12,positive
2018/1/11 12:15,positive
2018/1/11 12:34,positive
2018/1/11 12:37,positive
2018/1/11 12:43,positive
2018/1/11 13:53,positive
2018/1/11 14:28,positive
2018/1/11 15:21,negative
2018/1/11 17:16,positive
2018/1/11 17:20,negative
2018/1/11 17:53,negative
2018/1/11 19:09,positive
2018/1/11 19:36,positive
2018/1/12 2:18,positive
2018/1/12 2:24,positive
2018/1/12 2:33,negative
2018/1/12 3:02,positive
2018/1/12 3:42,negative
2018/1/12 5:15,positive
2018/1/12 6:13,positive
2018/1/12 6:15,positive
2018/1/12 6:19,negative
2018/1/12 6:26,negative
2018/1/12 6:35,positive
2018/1/12 6:38,positive
2018/1/12 6:42,positive
2018/1/12 6:45,negative
2018/1/12 6:51,negative
2018/1/12 6:58,positive
2018/1/12 7:10,negative
2018/1/12 7:32,positive
2018/1/12 7:36,positive
2018/1/12 8:28,positive
2018/1/12 8:32,neutral
2018/1/12 8:42,neutral
2018/1/12 8:51,negative
2018/1/12 9:26,positive
2018/1/12 9:27,neutral
2018/1/12 9:53,positive
2018/1/12 9:57,positive
2018/1/12 10:02,positive
2018/1/12 10:46,positive
2018/1/12 11:04,positive
2018/1/12 12:14,negative
2018/1/12 12:27,positive
2018/1/12 12:53,positive
2018/1/12 13:13,positive
2018/1/12 13:29,positive
2018/1/12 14:06,positive
2018/1/12 14:14,positive
2018/1/12 16:46,positive
2018/1/12 18:14,positive
2018/1/12 18:18,positive
2018/1/12 18:41,positive
2018/1/12 19:35,positive
2018/1/12 21:37,positive
2018/1/13 4:23,negative
2018/1/13 4:27,positive
2018/1/13 4:29,positive
2018/1/13 5:48,positive
2018/1/13 5:49,positive
2018/1/13 6:13,positive
2018/1/13 6:18,positive
2018/1/13 6:23,positive
2018/1/13 6:38,positive
2018/1/13 6:48,positive
2018/1/13 7:32,positive
2018/1/13 7:41,positive
2018/1/13 8:09,positive
2018/1/13 8:42,neutral
2018/1/13 8:54,positive
2018/1/13 10:37,positive
2018/1/13 10:40,negative
2018/1/13 10:46,negative
2018/1/13 11:12,positive
2018/1/13 12:51,positive
2018/1/13 14:05,positive
2018/1/13 14:30,positive
2018/1/13 15:35,positive
2018/1/13 15:44,positive
2018/1/13 17:01,positive
2018/1/13 18:55,positive
2018/1/13 20:00,positive
2018/1/14 6:23,negative
2018/1/14 6:23,positive
2018/1/14 6:29,positive
2018/1/14 6:53,positive
2018/1/14 7:05,positive
2018/1/14 7:23,positive
2018/1/14 8:51,positive
2018/1/14 9:48,negative
2018/1/14 9:52,positive
2018/1/14 10:56,positive
2018/1/14 10:59,negative
2018/1/14 11:01,positive
2018/1/14 11:59,positive
2018/1/14 12:20,positive
2018/1/14 13:06,positive
2018/1/14 13:22,positive
2018/1/14 13:53,positive
2018/1/14 13:56,positive
2018/1/14 13:57,positive
2018/1/14 15:38,neutral
2018/1/14 17:03,positive
2018/1/14 17:35,neutral
2018/1/14 19:41,negative
2018/1/14 21:15,positive
2018/1/14 22:03,positive
2018/1/14 22:35,positive
2018/1/14 23:17,negative
2018/1/15 2:03,positive
2018/1/15 2:37,positive
2018/1/15 4:19,positive
2018/1/15 4:47,negative
2018/1/15 4:58,positive
2018/1/15 4:59,positive
2018/1/15 5:32,positive
2018/1/15 5:43,positive
2018/1/15 6:41,positive
2018/1/15 6:44,positive
2018/1/15 6:46,negative
2018/1/15 7:07,positive
2018/1/15 7:11,positive
2018/1/15 7:41,positive
2018/1/15 8:20,positive
2018/1/15 8:53,positive
2018/1/15 8:55,positive
2018/1/15 9:12,positive
2018/1/15 9:12,positive
2018/1/15 11:40,positive
2018/1/15 11:53,negative
2018/1/15 12:43,positive
2018/1/15 12:53,positive
2018/1/15 15:21,positive
2018/1/15 16:00,positive
2018/1/15 16:06,positive
2018/1/15 17:49,positive
2018/1/15 19:26,positive
2018/1/15 19:40,positive
2018/1/15 20:25,positive
2018/1/15 21:10,positive
2018/1/15 21:49,negative
2018/1/16 2:36,positive
2018/1/16 6:05,positive
2018/1/16 6:10,positive
2018/1/16 6:12,positive
2018/1/16 6:12,positive
2018/1/16 6:12,negative
2018/1/16 6:16,positive
2018/1/16 6:40,neutral
2018/1/16 6:51,positive
2018/1/16 7:23,positive
2018/1/16 7:57,positive
2018/1/16 8:30,positive
2018/1/16 8:57,positive
2018/1/16 9:31,positive
2018/1/16 9:37,positive
2018/1/16 10:35,positive
2018/1/16 10:37,positive
2018/1/16 11:15,positive
2018/1/16 11:38,positive
2018/1/16 11:47,positive
2018/1/16 11:54,positive
2018/1/16 12:26,positive
2018/1/16 12:27,positive
2018/1/16 12:31,negative
2018/1/16 12:34,positive
2018/1/16 13:10,negative
2018/1/16 13:46,positive
2018/1/16 14:22,positive
2018/1/16 15:13,positive
2018/1/16 15:40,neutral
2018/1/16 15:47,positive
2018/1/16 16:52,positive
2018/1/16 17:49,positive
2018/1/16 18:27,positive
2018/1/17 5:45,positive
2018/1/17 6:12,positive
2018/1/17 6:12,positive
2018/1/17 6:30,positive
2018/1/17 6:30,positive
2018/1/17 6:39,positive
2018/1/17 6:40,neutral
2018/1/17 6:48,positive
2018/1/17 7:05,positive
2018/1/17 7:24,positive
2018/1/17 7:31,neutral
2018/1/17 7:44,negative
2018/1/17 7:45,positive
2018/1/17 7:56,negative
2018/1/17 7:58,positive
2018/1/17 8:13,positive
2018/1/17 8:22,positive
2018/1/17 8:33,positive
2018/1/17 10:12,negative
2018/1/17 11:18,positive
2018/1/17 13:03,positive
2018/1/17 14:08,negative
2018/1/17 14:21,positive
2018/1/17 16:16,negative
2018/1/17 16:58,positive
2018/1/17 17:19,positive
2018/1/17 18:05,positive
2018/1/17 18:18,positive
2018/1/17 19:29,positive
2018/1/17 20:56,positive
2018/1/18 6:12,positive
2018/1/18 6:15,negative
2018/1/18 6:19,positive
2018/1/18 6:36,positive
2018/1/18 6:37,positive
2018/1/18 6:39,positive
2018/1/18 6:40,negative
2018/1/18 6:47,positive
2018/1/18 6:54,positive
2018/1/18 6:55,negative
2018/1/18 7:19,positive
2018/1/18 7:21,positive
2018/1/18 7:38,positive
2018/1/18 7:39,negative
2018/1/18 8:02,positive
2018/1/18 8:34,positive
2018/1/18 8:40,positive
2018/1/18 9:00,positive
2018/1/18 9:01,positive
2018/1/18 9:04,positive
2018/1/18 9:26,positive
2018/1/18 9:34,positive
2018/1/18 9:38,negative
2018/1/18 9:43,positive
2018/1/18 9:55,positive
2018/1/18 10:22,positive
2018/1/18 12:00,positive
2018/1/18 12:18,positive
2018/1/18 12:29,positive
2018/1/18 12:50,positive
2018/1/18 12:51,positive
2018/1/18 14:28,positive
2018/1/18 14:38,positive
2018/1/18 15:50,positive
2018/1/18 15:58,positive
2018/1/18 16:32,positive
2018/1/18 17:40,positive
2018/1/18 18:40,positive
2018/1/18 19:38,positive
2018/1/19 4:10,positive
2018/1/19 4:21,negative
2018/1/19 4:33,positive
2018/1/19 5:34,positive
2018/1/19 6:05,positive
2018/1/19 6:10,positive
2018/1/19 6:15,negative
2018/1/19 6:16,positive
2018/1/19 6:24,negative
2018/1/19 6:27,positive
2018/1/19 6:29,positive
2018/1/19 6:32,negative
2018/1/19 6:37,positive
2018/1/19 6:44,positive
2018/1/19 6:45,positive
2018/1/19 6:53,positive
2018/1/19 6:55,positive
2018/1/19 7:33,positive
2018/1/19 7:48,positive
2018/1/19 8:01,negative
2018/1/19 8:48,neutral
2018/1/19 9:16,positive
2018/1/19 10:38,positive
2018/1/19 10:49,positive
2018/1/19 11:11,positive
2018/1/19 11:38,negative
2018/1/19 12:11,positive
2018/1/19 12:43,positive
2018/1/19 13:25,positive
2018/1/19 13:26,neutral
2018/1/19 14:09,negative
2018/1/19 14:48,positive
2018/1/19 15:01,positive
2018/1/19 16:18,positive
2018/1/19 16:24,positive
2018/1/19 19:01,negative
2018/1/20 5:34,negative
2018/1/20 6:09,negative
2018/1/20 6:10,positive
2018/1/20 6:12,positive
2018/1/20 6:14,positive
2018/1/20 6:18,positive
2018/1/20 6:28,positive
2018/1/20 6:30,positive
2018/1/20 6:41,positive
2018/1/20 7:10,positive
2018/1/20 7:32,negative
2018/1/20 7:42,positive
2018/1/20 7:48,positive
2018/1/20 7:50,negative
2018/1/20 8:08,positive
2018/1/20 8:23,positive
2018/1/20 8:39,positive
2018/1/20 9:22,positive
2018/1/20 10:15,positive
2018/1/20 10:42,positive
2018/1/20 10:51,positive
2018/1/20 11:04,positive
2018/1/20 11:48,positive
2018/1/20 12:07,positive
2018/1/20 13:10,positive
2018/1/20 13:28,neutral
2018/1/20 14:21,negative
2018/1/20 16:08,positive
2018/1/20 16:44,positive
2018/1/20 17:13,positive
2018/1/20 17:27,positive
2018/1/20 18:30,positive
2018/1/20 20:07,positive
2018/1/20 20:08,positive
2018/1/20 20:30,positive
2018/1/20 23:08,neutral
2018/1/21 4:29,negative
2018/1/21 4:32,positive
2018/1/21 6:11,positive
2018/1/21 6:12,positive
2018/1/21 6:46,positive
2018/1/21 6:54,positive
2018/1/21 7:02,positive
2018/1/21 7:57,positive
2018/1/21 8:17,positive
2018/1/21 10:30,positive
2018/1/21 11:34,positive
2018/1/21 13:23,negative
2018/1/21 13:31,negative
2018/1/21 13:43,positive
2018/1/21 15:09,positive
2018/1/21 15:25,positive
2018/1/21 19:32,positive
2018/1/21 19:50,positive
2018/1/21 20:01,negative
2018/1/21 20:25,positive
2018/1/21 20:47,positive
2018/1/21 21:17,positive
2018/1/22 1:03,positive
2018/1/22 1:59,positive
2018/1/22 2:55,positive
2018/1/22 3:34,negative
2018/1/22 3:36,positive
2018/1/22 4:11,positive
2018/1/22 5:14,positive
2018/1/22 5:39,positive
2018/1/22 6:22,positive
2018/1/22 6:37,positive
2018/1/22 7:14,positive
2018/1/22 7:21,positive
2018/1/22 8:06,positive
2018/1/22 8:21,negative
2018/1/22 8:26,positive
2018/1/22 8:28,positive
2018/1/22 8:58,positive
2018/1/22 9:12,positive
2018/1/22 9:26,positive
2018/1/22 10:36,positive
2018/1/22 10:40,positive
2018/1/22 11:02,positive
2018/1/22 12:10,negative
2018/1/22 12:38,positive
2018/1/22 13:24,positive
2018/1/22 13:53,negative
2018/1/22 13:58,positive
2018/1/22 14:56,positive
2018/1/22 16:04,positive
2018/1/22 16:27,positive
2018/1/22 16:41,positive
2018/1/22 18:04,positive
2018/1/22 18:46,negative
2018/1/22 21:03,positive
2018/1/23 6:24,positive
2018/1/23 6:28,positive
2018/1/23 6:41,negative
2018/1/23 7:00,positive
2018/1/23 7:25,positive
2018/1/23 7:26,negative
2018/1/23 7:28,negative
2018/1/23 8:07,positive
2018/1/23 9:11,positive
2018/1/23 9:12,positive
2018/1/23 10:52,positive
2018/1/23 11:14,positive
2018/1/23 12:07,positive
2018/1/23 12:21,positive
2018/1/23 13:20,positive
2018/1/23 13:39,positive
2018/1/23 14:02,positive
2018/1/23 14:14,positive
2018/1/23 18:20,positive
2018/1/24 6:10,positive
2018/1/24 6:32,positive
2018/1/24 7:02,positive
2018/1/24 7:10,positive
2018/1/24 7:26,positive
2018/1/24 7:48,positive
2018/1/24 9:41,positive
2018/1/24 10:38,negative
2018/1/24 13:26,positive
2018/1/24 14:07,positive
2018/1/24 14:21,positive
2018/1/24 14:26,positive
2018/1/24 15:48,positive
2018/1/24 18:24,positive
2018/1/24 19:07,positive
2018/1/24 20:04,positive
2018/1/25 4:59,positive
2018/1/25 5:37,neutral
2018/1/25 6:10,negative
2018/1/25 6:39,positive
2018/1/25 6:45,positive
2018/1/25 6:46,positive
2018/1/25 7:03,positive
2018/1/25 7:17,positive
2018/1/25 7:28,positive
2018/1/25 8:04,positive
2018/1/25 8:11,positive
2018/1/25 8:59,positive
2018/1/25 10:11,positive
2018/1/25 10:39,positive
2018/1/25 14:20,neutral
2018/1/25 14:40,positive
2018/1/25 18:20,positive
2018/1/25 18:21,positive
2018/1/25 18:50,positive
2018/1/25 19:03,positive
2018/1/25 21:19,positive
2018/1/26 1:28,negative
2018/1/26 4:00,positive
2018/1/26 4:50,positive
2018/1/26 5:37,positive
2018/1/26 5:54,positive
2018/1/26 6:01,positive
2018/1/26 6:09,positive
2018/1/26 6:13,positive
2018/1/26 6:27,positive
2018/1/26 6:29,positive
2018/1/26 6:36,positive
2018/1/26 6:49,negative
2018/1/26 6:56,positive
2018/1/26 7:01,positive
2018/1/26 7:39,positive
2018/1/26 8:33,positive
2018/1/26 8:55,negative
2018/1/26 9:26,positive
2018/1/26 9:49,positive
2018/1/26 10:18,positive
2018/1/26 10:24,positive
2018/1/26 10:49,positive
2018/1/26 11:30,positive
2018/1/26 12:03,positive
2018/1/26 12:14,positive
2018/1/26 12:43,positive
2018/1/26 13:36,positive
2018/1/26 14:47,positive
2018/1/26 15:09,positive
2018/1/26 16:32,positive
2018/1/26 17:09,positive
2018/1/26 18:42,negative
2018/1/26 19:04,positive
2018/1/27 6:54,positive
2018/1/27 13:18,positive
2018/1/27 15:02,positive
2018/1/27 15:34,positive
2018/1/27 20:01,positive
2018/1/27 22:26,positive
2018/1/28 5:59,positive
2018/1/28 7:05,negative
2018/1/28 7:47,negative
2018/1/28 8:06,negative
2018/1/28 8:47,positive
2018/1/28 10:29,positive
2018/1/28 11:51,neutral
2018/1/28 13:10,positive
2018/1/28 14:11,positive
2018/1/28 15:25,positive
2018/1/28 15:55,positive
2018/1/28 17:05,negative
2018/1/28 17:53,positive
2018/1/28 18:16,positive
2018/1/29 2:09,positive
2018/1/29 6:00,negative
2018/1/29 6:12,negative
2018/1/29 6:30,positive
2018/1/29 6:42,neutral
2018/1/29 7:17,positive
2018/1/29 7:20,negative
2018/1/29 8:05,positive
2018/1/29 8:25,positive
2018/1/29 9:22,positive
2018/1/29 10:02,positive
2018/1/29 12:08,positive
2018/1/29 12:55,positive
2018/1/29 13:02,neutral
2018/1/29 14:45,negative
2018/1/29 17:19,positive
2018/1/29 18:42,positive
2018/1/30 5:53,negative
2018/1/30 6:39,positive
2018/1/30 7:13,positive
2018/1/30 7:40,positive
2018/1/30 8:22,positive
2018/1/30 8:48,negative
2018/1/30 8:52,positive
2018/1/30 9:39,positive
2018/1/30 9:51,neutral
2018/1/30 9:53,negative
2018/1/30 10:29,neutral
2018/1/30 11:23,neutral
2018/1/30 11:33,positive
2018/1/30 14:35,positive
2018/1/30 15:12,negative
2018/1/30 18:08,positive
2018/1/30 18:49,positive
2018/1/30 19:44,positive
2018/1/30 20:31,negative
2018/1/31 0:20,positive
2018/1/31 3:15,positive
2018/1/31 4:37,positive
2018/1/31 5:37,neutral
2018/1/31 6:03,positive
2018/1/31 6:51,positive
2018/1/31 7:17,positive
2018/1/31 7:36,positive
2018/1/31 7:36,positive
2018/1/31 8:32,positive
2018/1/31 8:50,positive
2018/1/31 9:08,positive
2018/1/31 11:01,positive
2018/1/31 12:51,neutral
2018/1/31 13:29,neutral
2018/2/1 3:19,positive
2018/2/1 5:31,negative
2018/2/1 6:14,positive
2018/2/1 8:27,positive
2018/2/1 9:21,positive
2018/2/1 9:50,positive
2018/2/1 10:41,positive
2018/2/1 11:58,positive
2018/2/1 12:45,positive
2018/2/1 13:37,negative
2018/2/1 15:11,positive
2018/2/1 15:28,positive
2018/2/1 18:00,positive
2018/2/1 20:32,positive
2018/2/1 22:21,neutral
2018/2/2 3:29,neutral
2018/2/2 4:35,positive
2018/2/2 6:10,positive
2018/2/2 7:09,positive
2018/2/2 8:13,neutral
2018/2/2 8:14,neutral
2018/2/2 8:20,positive
2018/2/2 8:40,positive
2018/2/2 8:48,positive
2018/2/2 10:38,positive
2018/2/2 12:24,positive
2018/2/2 12:44,positive
2018/2/2 13:10,negative
2018/2/2 13:16,positive
2018/2/2 13:21,negative
2018/2/2 13:28,negative
2018/2/2 16:24,positive
2018/2/2 18:58,positive
2018/2/2 21:32,positive
2018/2/3 6:48,positive
2018/2/3 7:27,negative
2018/2/3 8:10,positive
2018/2/3 9:45,neutral
2018/2/3 10:51,positive
2018/2/3 12:32,positive
2018/2/3 12:57,positive
2018/2/3 13:03,negative
2018/2/3 17:14,positive
2018/2/4 4:03,positive
2018/2/4 6:23,positive
2018/2/4 10:55,positive
2018/2/4 14:09,negative
2018/2/4 15:28,positive
2018/2/4 17:10,positive
2018/2/5 5:10,negative
2018/2/5 9:43,positive
2018/2/5 11:10,positive
2018/2/5 12:44,positive
2018/2/5 15:09,positive
2018/2/6 4:08,positive
2018/2/6 4:08,positive
2018/2/6 4:45,positive
2018/2/6 5:43,positive
2018/2/6 6:52,positive
2018/2/6 7:14,positive
2018/2/6 8:33,negative
2018/2/6 9:46,negative
2018/2/6 9:56,negative
2018/2/6 10:48,positive
2018/2/6 14:44,negative
2018/2/6 14:57,positive
2018/2/6 17:12,negative
2018/2/6 18:05,positive
2018/2/6 22:12,positive
2018/2/7 4:26,positive
2018/2/7 5:04,positive
2018/2/7 6:39,neutral
2018/2/7 6:41,positive
2018/2/7 8:06,positive
2018/2/7 8:26,negative
2018/2/7 8:34,positive
2018/2/7 9:36,positive
2018/2/7 9:48,positive
2018/2/7 10:20,positive
2018/2/7 11:03,positive
2018/2/7 11:34,positive
2018/2/7 14:33,positive
2018/2/7 14:34,negative
2018/2/7 14:36,positive
2018/2/7 17:16,positive
2018/2/7 18:08,positive
2018/2/7 19:12,positive
2018/2/8 6:02,positive
2018/2/8 6:03,positive
2018/2/8 7:02,negative
2018/2/8 8:03,positive
2018/2/8 8:48,positive
2018/2/8 9:09,positive
2018/2/8 9:47,positive
2018/2/8 10:20,positive
2018/2/8 10:59,positive
2018/2/8 13:08,negative
2018/2/8 17:06,negative
2018/2/8 17:27,positive
2018/2/8 23:28,neutral
2018/2/9 5:15,positive
2018/2/9 12:56,negative
2018/2/9 13:34,positive
2018/2/9 15:20,positive
2018/2/9 17:04,negative
2018/2/9 17:10,positive
2018/2/10 5:29,positive
2018/2/10 15:59,positive
2018/2/10 19:15,positive
2018/2/12 12:12,negative
2018/2/12 16:50,positive
2018/2/13 5:39,positive
2018/2/13 6:15,positive
2018/2/13 8:28,positive
2018/2/13 12:24,positive
2018/2/13 22:53,negative
2018/2/14 9:36,positive
2018/2/14 13:38,positive
2018/2/14 21:20,positive
2018/2/14 21:48,positive
2018/2/15 3:47,positive
2018/2/15 5:48,negative
2018/2/15 9:22,positive
2018/2/15 13:12,negative
2018/2/15 14:20,negative
2018/2/15 14:36,positive
2018/2/15 18:14,positive
2018/2/16 6:07,positive
2018/2/16 6:14,positive
2018/2/16 7:13,negative
2018/2/16 7:40,negative
2018/2/16 8:23,positive
2018/2/16 10:31,positive
2018/2/16 11:54,positive
2018/2/16 15:08,positive
2018/2/16 18:59,negative
2018/2/16 19:36,neutral
2018/2/17 7:10,negative
2018/2/17 9:14,positive
2018/2/17 11:42,positive
2018/2/17 13:11,positive
2018/2/17 15:28,positive
2018/2/17 17:00,positive
2018/2/18 7:51,negative
2018/2/18 14:40,positive
2018/2/18 18:55,positive
2018/2/19 10:17,positive
2018/2/19 13:30,negative
2018/2/20 9:15,positive
2018/2/20 9:21,negative
2018/2/21 3:54,negative
2018/2/21 12:29,positive
2018/2/21 13:36,neutral
2018/2/21 14:36,positive
2018/2/21 15:50,positive
2018/2/21 19:14,positive
2018/2/22 9:18,positive
2018/2/22 9:55,positive
2018/2/22 15:17,positive
2018/2/22 22:34,positive
2018/2/23 4:25,positive
2018/2/23 7:12,positive
2018/2/23 8:32,positive
2018/2/23 10:51,positive
2018/2/23 15:31,positive
2018/2/23 15:35,positive
2018/2/23 15:53,positive
2018/2/23 20:20,negative
2018/2/24 5:42,positive
2018/2/24 6:48,positive
2018/2/24 7:01,positive
2018/2/24 7:15,positive
2018/2/24 7:47,positive
2018/2/24 8:00,negative
2018/2/24 8:09,positive
2018/2/24 8:14,negative
2018/2/24 14:21,positive
2018/2/24 15:15,negative
2018/2/24 15:22,positive
2018/2/24 15:28,positive
2018/2/24 15:47,neutral
2018/2/24 16:17,positive
2018/2/24 17:12,positive
2018/2/24 18:11,negative
2018/2/24 19:46,neutral
2018/2/25 6:19,positive
2018/2/25 13:37,positive
2018/2/25 15:53,negative
2018/2/25 17:46,positive
2018/2/25 18:07,positive
2018/2/25 18:17,neutral
2018/2/25 18:31,positive
2018/2/26 5:24,positive
2018/2/26 5:45,negative
2018/2/26 6:46,positive
2018/2/26 7:18,positive
2018/2/26 7:37,positive
2018/2/26 8:21,positive
2018/2/26 8:27,negative
2018/2/26 8:52,positive
2018/2/26 10:41,positive
2018/2/26 10:42,negative
2018/2/26 11:06,positive
2018/2/26 14:58,neutral
2018/2/26 15:16,positive
2018/2/26 15:23,positive
2018/2/26 15:24,positive
2018/2/26 15:38,positive
2018/2/26 15:53,positive
2018/2/26 16:18,positive
2018/2/26 16:19,positive
2018/2/26 17:02,positive
2018/2/26 17:35,positive
2018/2/26 17:44,positive
2018/2/26 19:15,positive
2018/2/26 19:40,positive
2018/2/26 19:51,positive
2018/2/26 19:56,neutral
2018/2/27 5:41,negative
2018/2/27 7:36,positive
2018/2/27 8:46,negative
2018/2/27 8:52,positive
2018/2/27 9:09,negative
2018/2/27 9:40,positive
2018/2/27 10:52,neutral
2018/2/27 11:09,positive
2018/2/27 11:26,positive
2018/2/27 15:14,positive
2018/2/27 15:27,positive
2018/2/28 5:25,positive
2018/2/28 6:18,negative
2018/2/28 6:20,negative
2018/2/28 6:21,negative
2018/2/28 6:22,negative
2018/2/28 8:27,positive
2018/2/28 9:11,negative
2018/2/28 9:15,positive
2018/2/28 10:51,positive
2018/2/28 11:15,positive
2018/2/28 11:47,positive
2018/2/28 13:36,positive
2018/2/28 15:27,positive
2018/2/28 15:40,positive
2018/2/28 15:55,positive
2018/2/28 15:56,positive
2018/2/28 16:19,negative
2018/2/28 17:46,positive
2018/2/28 18:32,positive
2018/2/28 19:56,negative
2018/2/28 20:27,negative
2018/2/28 20:47,negative
2018/3/1 4:54,positive
2018/3/1 5:30,positive
2018/3/1 5:39,positive
2018/3/1 5:58,positive
2018/3/1 6:07,negative
2018/3/1 7:50,positive
2018/3/1 8:38,negative
2018/3/1 8:46,positive
2018/3/1 8:53,positive
2018/3/1 11:00,positive
2018/3/1 15:33,positive
2018/3/1 15:45,positive
2018/3/1 16:00,positive
2018/3/1 16:09,positive
2018/3/1 16:49,positive
2018/3/1 19:48,positive
2018/3/2 2:33,positive
2018/3/2 4:14,positive
2018/3/2 6:23,positive
2018/3/2 6:32,positive
2018/3/2 7:23,positive
2018/3/2 7:25,positive
2018/3/2 8:16,positive
2018/3/2 13:38,negative
2018/3/2 14:32,positive
2018/3/2 15:26,positive
2018/3/2 15:59,positive
2018/3/2 16:18,positive
2018/3/2 16:50,positive
2018/3/2 17:20,positive
2018/3/2 17:31,positive
2018/3/2 17:58,positive
2018/3/3 2:04,positive
2018/3/3 6:44,positive
2018/3/3 8:51,negative
2018/3/3 9:51,positive
2018/3/3 10:41,negative
2018/3/3 11:09,positive
2018/3/3 12:06,negative
2018/3/3 14:29,positive
2018/3/3 14:33,positive
2018/3/3 15:19,positive
2018/3/3 16:41,positive
2018/3/3 17:09,positive
2018/3/3 18:09,positive
2018/3/3 19:43,positive
2018/3/3 21:00,positive
2018/3/4 7:38,positive
2018/3/4 9:12,negative
2018/3/4 10:24,positive
2018/3/4 12:18,positive
2018/3/4 15:52,positive
2018/3/4 15:56,positive
2018/3/4 16:37,positive
2018/3/4 18:47,neutral
2018/3/4 21:25,negative
2018/3/5 4:01,positive
2018/3/5 5:27,positive
2018/3/5 5:44,positive
2018/3/5 6:57,positive
2018/3/5 8:05,positive
2018/3/5 8:25,negative
2018/3/5 9:46,positive
2018/3/5 11:16,positive
2018/3/5 14:04,negative
2018/3/5 14:48,positive
2018/3/5 15:18,negative
2018/3/5 15:19,positive
2018/3/5 15:40,positive
2018/3/5 15:50,positive
2018/3/5 15:51,negative
2018/3/5 16:13,positive
2018/3/5 16:14,positive
2018/3/5 17:21,positive
2018/3/5 20:00,positive
2018/3/5 22:27,positive
2018/3/6 7:09,positive
2018/3/6 8:24,positive
2018/3/6 10:03,positive
2018/3/6 10:32,neutral
2018/3/6 13:57,positive
2018/3/6 15:25,positive
2018/3/6 15:50,negative
2018/3/6 16:30,positive
2018/3/6 16:42,positive
2018/3/6 17:25,negative
2018/3/6 17:46,neutral
2018/3/6 18:14,positive
2018/3/6 18:24,positive
2018/3/7 3:05,positive
2018/3/7 4:39,negative
2018/3/7 6:24,positive
2018/3/7 7:12,positive
2018/3/7 7:50,neutral
2018/3/7 8:34,negative
2018/3/7 9:41,positive
2018/3/7 10:30,positive
2018/3/7 11:58,positive
2018/3/7 12:12,positive
2018/3/7 14:57,negative
2018/3/7 15:37,positive
2018/3/7 16:16,negative
2018/3/7 16:37,positive
2018/3/7 17:49,positive
2018/3/7 18:44,positive
2018/3/7 18:46,positive
2018/3/7 19:26,positive
2018/3/8 2:05,positive
2018/3/8 4:24,positive
2018/3/8 5:48,positive
2018/3/8 7:21,negative
2018/3/8 7:24,positive
2018/3/8 7:40,negative
2018/3/8 7:43,negative
2018/3/8 8:06,positive
2018/3/8 10:45,positive
2018/3/8 13:35,positive
2018/3/8 15:32,positive
2018/3/8 17:31,negative
2018/3/8 18:04,positive
2018/3/8 18:05,negative
2018/3/8 18:33,positive
2018/3/8 19:25,positive
2018/3/8 19:48,positive
2018/3/8 20:08,negative
2018/3/9 4:13,positive
2018/3/9 4:33,positive
2018/3/9 5:41,negative
2018/3/9 6:14,positive
2018/3/9 6:59,positive
2018/3/9 7:20,negative
2018/3/9 8:14,negative
2018/3/9 8:24,negative
2018/3/9 8:58,positive
2018/3/9 9:00,positive
2018/3/9 9:42,positive
2018/3/9 9:45,neutral
2018/3/9 10:10,positive
2018/3/9 10:48,positive
2018/3/9 10:48,positive
2018/3/9 11:21,positive
2018/3/9 12:10,positive
2018/3/9 13:06,positive
2018/3/9 13:11,positive
2018/3/9 13:47,negative
2018/3/9 14:36,negative
2018/3/9 15:18,positive
2018/3/9 15:46,negative
2018/3/9 16:02,negative
2018/3/9 16:12,positive
2018/3/9 16:14,positive
2018/3/9 16:19,negative
2018/3/9 16:49,positive
2018/3/9 17:31,positive
2018/3/9 18:44,positive
2018/3/9 18:45,positive
2018/3/9 18:56,positive
2018/3/9 19:10,positive
2018/3/9 19:23,positive
2018/3/9 20:30,positive
2018/3/9 23:53,negative
2018/3/10 3:02,positive
2018/3/10 5:22,positive
2018/3/10 7:09,positive
2018/3/10 7:26,positive
2018/3/10 7:35,positive
2018/3/10 7:39,negative
2018/3/10 8:22,positive
2018/3/10 8:39,negative
2018/3/10 8:40,negative
2018/3/10 9:51,positive
2018/3/10 11:13,positive
2018/3/10 15:26,negative
2018/3/10 15:32,positive
2018/3/10 15:32,positive
2018/3/10 15:47,positive
2018/3/10 16:21,positive
2018/3/10 17:29,positive
2018/3/10 17:42,positive
2018/3/10 18:12,positive
2018/3/10 19:00,positive
2018/3/10 19:19,positive
2018/3/10 22:31,positive
2018/3/11 7:01,negative
2018/3/11 7:09,positive
2018/3/11 9:13,positive
2018/3/11 9:22,negative
2018/3/11 9:46,positive
2018/3/11 10:22,positive
2018/3/11 10:36,positive
2018/3/11 11:18,negative
2018/3/11 11:30,positive
2018/3/11 16:34,positive
2018/3/11 17:01,positive
2018/3/11 17:25,neutral
2018/3/11 17:50,positive
2018/3/11 18:55,positive
2018/3/11 19:16,positive
2018/3/11 19:18,positive
2018/3/11 20:47,positive
2018/3/11 21:20,positive
2018/3/11 21:22,negative
2018/3/11 21:25,positive
2018/3/12 4:01,positive
2018/3/12 5:47,negative
2018/3/12 5:52,positive
2018/3/12 6:09,positive
2018/3/12 7:21,positive
2018/3/12 7:59,positive
2018/3/12 9:27,positive
2018/3/12 9:47,positive
2018/3/12 10:06,neutral
2018/3/12 10:42,negative
2018/3/12 11:10,positive
2018/3/12 11:37,positive
2018/3/12 12:17,positive
2018/3/12 12:19,positive
2018/3/12 13:38,negative
2018/3/12 13:52,positive
2018/3/12 15:12,positive
2018/3/12 16:15,positive
2018/3/12 16:33,positive
2018/3/12 17:01,positive
2018/3/12 17:23,negative
2018/3/12 17:28,positive
2018/3/12 18:13,negative
2018/3/12 18:16,positive
2018/3/12 18:47,positive
2018/3/12 19:52,positive
2018/3/12 20:13,positive
2018/3/12 20:27,positive
2018/3/12 21:18,positive
2018/3/13 6:57,positive
2018/3/13 7:29,positive
2018/3/13 7:40,positive
2018/3/13 7:42,positive
2018/3/13 7:51,positive
2018/3/13 7:54,positive
2018/3/13 8:37,positive
2018/3/13 9:31,positive
2018/3/13 9:43,positive
2018/3/13 9:44,positive
2018/3/13 10:35,positive
2018/3/13 11:11,negative
2018/3/13 11:36,positive
2018/3/13 12:00,positive
2018/3/13 12:17,positive
2018/3/13 12:48,positive
2018/3/13 15:54,positive
2018/3/13 16:20,positive
2018/3/13 16:27,positive
2018/3/13 16:34,positive
2018/3/13 16:55,positive
2018/3/13 17:12,positive
2018/3/13 17:14,positive
2018/3/13 18:19,positive
2018/3/13 18:22,neutral
2018/3/13 18:24,neutral
2018/3/13 19:44,negative
2018/3/13 20:26,positive
2018/3/13 21:32,neutral
2018/3/13 21:50,positive
2018/3/13 22:07,negative
2018/3/13 22:36,positive
2018/3/13 22:45,negative
2018/3/13 23:34,positive
2018/3/14 4:24,negative
2018/3/14 6:13,neutral
2018/3/14 8:30,positive
2018/3/14 9:06,positive
2018/3/14 9:38,positive
2018/3/14 10:08,positive
2018/3/14 10:32,positive
2018/3/14 10:35,positive
2018/3/14 10:41,positive
2018/3/14 11:22,positive
2018/3/14 12:20,positive
2018/3/14 12:24,positive
2018/3/14 12:44,positive
2018/3/14 13:01,positive
2018/3/14 13:11,positive
2018/3/14 14:18,positive
2018/3/14 14:54,negative
2018/3/14 16:19,positive
2018/3/14 16:29,positive
2018/3/14 16:32,positive
2018/3/14 16:42,positive
2018/3/14 16:43,positive
2018/3/14 17:00,positive
2018/3/14 17:19,positive
2018/3/14 17:36,positive
2018/3/14 17:42,positive
2018/3/14 17:43,positive
2018/3/14 17:51,positive
2018/3/14 18:11,positive
2018/3/14 19:06,positive
2018/3/14 19:40,positive
2018/3/14 19:49,positive
2018/3/14 20:29,positive
2018/3/14 20:36,positive
2018/3/15 4:36,positive
2018/3/15 7:49,positive
2018/3/15 7:58,positive
2018/3/15 8:19,positive
2018/3/15 8:25,positive
2018/3/15 8:38,neutral
2018/3/15 9:02,positive
2018/3/15 9:12,positive
2018/3/15 9:55,positive
2018/3/15 10:23,positive
2018/3/15 10:27,positive
2018/3/15 10:43,positive
2018/3/15 11:18,negative
2018/3/15 13:01,negative
2018/3/15 13:11,negative
2018/3/15 14:30,positive
2018/3/15 15:11,negative
2018/3/15 15:22,positive
2018/3/15 15:41,positive
2018/3/15 15:54,positive
2018/3/15 16:28,positive
2018/3/15 16:36,negative
2018/3/15 17:03,positive
2018/3/15 17:24,negative
2018/3/15 17:40,positive
2018/3/15 18:39,positive
2018/3/15 18:53,positive
2018/3/15 19:01,positive
2018/3/15 19:41,negative
2018/3/15 21:52,negative
2018/3/16 5:06,positive
2018/3/16 8:07,positive
2018/3/16 8:41,positive
2018/3/16 10:01,positive
2018/3/16 10:09,positive
2018/3/16 12:11,negative
2018/3/16 12:21,positive
2018/3/16 12:24,positive
2018/3/16 12:38,negative
2018/3/16 13:26,positive
2018/3/16 14:03,positive
2018/3/16 14:40,positive
2018/3/16 17:41,negative
2018/3/16 19:45,negative
2018/3/16 19:49,negative
2018/3/16 20:24,positive
2018/3/17 3:59,positive
2018/3/17 8:11,neutral
2018/3/17 8:36,positive
2018/3/17 8:48,positive
2018/3/17 9:07,neutral
2018/3/17 12:25,positive
2018/3/17 13:18,positive
2018/3/17 13:40,positive
2018/3/17 14:58,positive
2018/3/17 16:01,positive
2018/3/17 16:18,positive
2018/3/17 16:20,positive
2018/3/17 16:35,positive
2018/3/17 17:22,positive
2018/3/17 17:29,positive
2018/3/17 18:01,positive
2018/3/17 18:27,positive
2018/3/18 8:12,positive
2018/3/18 9:38,positive
2018/3/18 11:32,positive
2018/3/18 11:33,positive
2018/3/18 12:49,positive
2018/3/18 14:35,positive
2018/3/18 16:11,positive
2018/3/18 16:22,positive
2018/3/18 16:28,positive
2018/3/18 16:49,positive
2018/3/18 17:11,positive
2018/3/18 17:25,positive
2018/3/18 17:26,positive
2018/3/19 6:37,positive
2018/3/19 7:09,positive
2018/3/19 7:13,positive
2018/3/19 7:36,positive
2018/3/19 7:41,positive
2018/3/19 7:53,negative
2018/3/19 8:38,positive
2018/3/19 8:39,negative
2018/3/19 8:43,positive
2018/3/19 8:52,positive
2018/3/19 10:06,positive
2018/3/19 11:07,positive
2018/3/19 11:27,positive
2018/3/19 12:00,negative
2018/3/19 12:46,positive
2018/3/19 14:19,positive
2018/3/19 15:03,negative
2018/3/19 15:48,negative
2018/3/19 16:23,positive
2018/3/19 16:26,positive
2018/3/19 17:25,positive
2018/3/19 18:46,negative
2018/3/19 21:15,positive
2018/3/20 4:55,positive
2018/3/20 6:08,positive
2018/3/20 6:46,negative
2018/3/20 6:47,positive
2018/3/20 7:24,positive
2018/3/20 10:12,neutral
2018/3/20 11:27,positive
2018/3/20 13:16,negative
2018/3/20 13:26,positive
2018/3/20 13:41,positive
2018/3/20 15:02,positive
2018/3/20 15:42,positive
2018/3/20 17:13,positive
2018/3/20 17:51,neutral
2018/3/20 18:00,positive
2018/3/20 19:10,positive
2018/3/20 19:10,positive
2018/3/20 20:10,negative
2018/3/20 21:23,positive
2018/3/20 21:46,positive
2018/3/21 5:45,positive
2018/3/21 6:08,negative
2018/3/21 8:00,negative
2018/3/21 8:25,positive
2018/3/21 8:28,positive
2018/3/21 8:49,neutral
2018/3/21 9:18,positive
2018/3/21 9:25,positive
2018/3/21 9:58,positive
2018/3/21 10:09,positive
2018/3/21 10:10,positive
2018/3/21 10:20,positive
2018/3/21 10:22,positive
2018/3/21 10:56,positive
2018/3/21 11:02,positive
2018/3/21 11:19,positive
2018/3/21 12:05,positive
2018/3/21 13:25,positive
2018/3/21 14:27,positive
2018/3/21 15:05,positive
2018/3/21 17:31,negative
2018/3/21 17:32,negative
2018/3/21 17:38,positive
2018/3/21 18:45,positive
2018/3/21 21:21,positive
2018/3/22 8:16,positive
2018/3/22 9:06,positive
2018/3/22 9:38,negative
2018/3/22 10:36,negative
2018/3/22 11:18,positive
2018/3/22 12:46,positive
2018/3/22 13:09,negative
2018/3/22 14:07,positive
2018/3/22 14:09,positive
2018/3/22 14:25,negative
2018/3/22 14:47,neutral
2018/3/22 15:19,positive
2018/3/22 16:27,positive
2018/3/22 16:28,neutral
2018/3/22 16:39,positive
2018/3/22 17:00,positive
2018/3/22 19:32,positive
2018/3/22 20:04,positive
2018/3/22 20:07,positive
2018/3/23 0:18,positive
2018/3/23 4:26,positive
2018/3/23 6:02,positive
2018/3/23 6:45,positive
2018/3/23 7:43,positive
2018/3/23 8:53,negative
2018/3/23 9:04,positive
2018/3/23 10:15,positive
2018/3/23 10:21,positive
2018/3/23 11:18,positive
2018/3/23 12:25,positive
2018/3/23 16:28,positive
2018/3/23 16:56,positive
2018/3/23 18:09,positive
2018/3/23 18:10,positive
2018/3/23 18:32,positive
2018/3/23 18:53,neutral
2018/3/23 19:36,positive
2018/3/23 19:49,negative
2018/3/23 19:52,positive
2018/3/24 0:45,positive
2018/3/24 5:06,positive
2018/3/24 6:46,neutral
2018/3/24 7:20,negative
2018/3/24 8:06,negative
2018/3/24 8:07,positive
2018/3/24 9:41,negative
2018/3/24 9:43,positive
2018/3/24 10:18,negative
2018/3/24 10:44,positive
2018/3/24 10:58,positive
2018/3/24 11:19,positive
2018/3/24 12:55,positive
2018/3/24 15:10,positive
2018/3/24 15:31,positive
2018/3/24 16:23,positive
2018/3/24 17:18,positive
2018/3/24 17:22,negative
2018/3/24 19:02,neutral
2018/3/24 19:03,positive
2018/3/24 19:06,positive
2018/3/24 20:36,positive
2018/3/25 3:36,negative
2018/3/25 6:16,positive
2018/3/25 8:52,positive
2018/3/25 12:48,neutral
2018/3/25 13:46,positive
2018/3/25 13:50,positive
2018/3/25 16:13,positive
2018/3/25 16:25,positive
2018/3/25 17:10,positive
2018/3/25 17:48,neutral
2018/3/25 19:00,positive
2018/3/25 19:25,positive
2018/3/25 19:51,positive
2018/3/25 22:02,positive
2018/3/26 5:57,positive
2018/3/26 6:38,positive
2018/3/26 6:38,positive
2018/3/26 6:43,neutral
2018/3/26 7:53,negative
2018/3/26 8:28,negative
2018/3/26 13:25,positive
2018/3/26 14:22,negative
2018/3/26 15:19,neutral
2018/3/26 15:26,positive
2018/3/26 15:36,positive
2018/3/26 16:20,positive
2018/3/26 16:27,positive
2018/3/26 16:27,positive
2018/3/26 16:59,positive
2018/3/26 17:52,positive
2018/3/26 18:09,neutral
2018/3/26 18:14,positive
2018/3/26 18:24,neutral
2018/3/26 18:28,positive
2018/3/26 19:23,neutral
2018/3/26 19:44,positive
2018/3/27 5:49,positive
2018/3/27 6:37,positive
2018/3/27 8:31,negative
2018/3/27 10:13,positive
2018/3/27 10:50,positive
2018/3/27 11:04,positive
2018/3/27 11:42,positive
2018/3/27 13:26,negative
2018/3/27 14:19,positive
2018/3/27 14:45,positive
2018/3/27 15:45,positive
2018/3/27 16:24,neutral
2018/3/27 16:32,positive
2018/3/27 16:42,positive
2018/3/27 16:45,positive
2018/3/27 16:58,positive
2018/3/27 17:04,negative
2018/3/27 19:45,positive
2018/3/27 21:15,positive
2018/3/27 21:20,positive
2018/3/27 22:54,positive
2018/3/28 4:59,positive
2018/3/28 7:16,positive
2018/3/28 7:28,positive
2018/3/28 8:28,positive
2018/3/28 8:39,positive
2018/3/28 9:07,positive
2018/3/28 9:48,positive
2018/3/28 10:46,positive
2018/3/28 11:22,positive
2018/3/28 12:15,positive
2018/3/28 13:29,negative
2018/3/28 13:35,positive
2018/3/28 13:35,positive
2018/3/28 14:13,negative
2018/3/28 16:27,positive
2018/3/28 16:33,positive
2018/3/28 16:52,positive
2018/3/28 17:17,positive
2018/3/28 18:32,positive
2018/3/28 19:19,positive
2018/3/28 20:14,positive
2018/3/28 22:35,positive
2018/3/29 3:38,positive
2018/3/29 6:15,negative
2018/3/29 6:18,positive
2018/3/29 6:25,positive
2018/3/29 7:02,positive
2018/3/29 7:06,positive
2018/3/29 7:09,positive
2018/3/29 8:09,neutral
2018/3/29 9:10,positive
2018/3/29 9:13,negative
2018/3/29 11:09,positive
2018/3/29 11:51,neutral
2018/3/29 13:00,positive
2018/3/29 14:32,positive
2018/3/29 14:46,positive
2018/3/29 16:19,positive
2018/3/29 16:34,negative
2018/3/29 16:36,positive
2018/3/29 17:04,negative
2018/3/29 17:51,positive
2018/3/29 18:17,neutral
2018/3/29 19:20,positive
2018/3/29 20:00,positive
2018/3/30 5:39,positive
2018/3/30 5:45,positive
2018/3/30 7:39,negative
2018/3/30 8:22,positive
2018/3/30 8:29,positive
2018/3/30 9:27,positive
2018/3/30 9:52,neutral
2018/3/30 10:13,positive
2018/3/30 11:24,positive
2018/3/30 12:11,positive
2018/3/30 13:05,positive
2018/3/30 13:22,positive
2018/3/30 14:30,neutral
2018/3/30 16:27,positive
2018/3/30 16:33,positive
2018/3/30 17:19,positive
2018/3/30 18:31,positive
2018/3/31 6:54,positive
2018/3/31 7:20,positive
2018/3/31 7:26,positive
2018/3/31 9:09,positive
2018/3/31 10:14,positive
2018/3/31 11:40,negative
2018/3/31 12:39,negative
2018/3/31 17:04,neutral
2018/3/31 17:06,positive
2018/3/31 19:53,positive
2018/3/31 21:53,negative
2018/4/1 5:20,positive
2018/4/1 6:41,positive
2018/4/1 7:49,negative
2018/4/1 8:46,positive
2018/4/1 8:56,negative
2018/4/1 9:16,negative
2018/4/1 9:17,positive
2018/4/1 9:26,neutral
2018/4/1 9:40,negative
2018/4/1 10:09,negative
2018/4/1 16:19,positive
2018/4/1 16:57,positive
2018/4/1 17:20,positive
2018/4/1 22:16,positive
2018/4/2 7:23,positive
2018/4/2 7:27,negative
2018/4/2 7:38,positive
2018/4/2 7:58,positive
2018/4/2 8:40,negative
2018/4/2 8:45,positive
2018/4/2 8:54,positive
2018/4/2 9:32,positive
2018/4/2 9:39,positive
2018/4/2 10:35,positive
2018/4/2 16:41,negative
2018/4/2 16:58,negative
2018/4/2 16:59,positive
2018/4/2 17:13,positive
2018/4/2 17:33,positive
2018/4/2 17:42,neutral
2018/4/2 18:09,positive
2018/4/2 22:10,negative
2018/4/3 6:29,positive
2018/4/3 7:37,negative
2018/4/3 9:59,neutral
2018/4/3 10:31,positive
2018/4/3 11:27,positive
2018/4/3 11:52,positive
2018/4/3 11:54,positive
2018/4/3 15:26,negative
2018/4/3 16:19,negative
2018/4/3 16:36,positive
2018/4/3 16:48,negative
2018/4/3 16:54,positive
2018/4/3 16:59,positive
2018/4/3 17:16,positive
2018/4/3 17:18,negative
2018/4/3 18:45,positive
2018/4/3 19:06,negative
2018/4/3 19:32,positive
2018/4/3 19:42,positive
2018/4/3 22:02,negative
2018/4/4 8:26,positive
2018/4/4 11:35,negative
2018/4/4 12:43,positive
2018/4/4 14:43,positive
2018/4/4 16:14,negative
2018/4/4 16:20,positive
2018/4/4 16:33,positive
2018/4/4 16:34,positive
2018/4/4 16:49,positive
2018/4/4 17:09,positive
2018/4/4 17:31,positive
2018/4/4 17:42,neutral
2018/4/4 17:44,positive
2018/4/4 17:56,negative
2018/4/4 17:56,negative
2018/4/4 18:23,positive
2018/4/4 18:26,positive
2018/4/4 18:41,neutral
2018/4/4 19:47,positive
2018/4/4 20:08,positive
2018/4/4 20:26,positive
2018/4/4 20:37,positive
2018/4/4 21:02,negative
2018/4/4 21:53,positive
2018/4/5 6:07,positive
2018/4/5 7:44,negative
2018/4/5 9:30,positive
2018/4/5 12:44,negative
2018/4/5 13:01,negative
2018/4/5 13:09,positive
2018/4/5 16:14,positive
2018/4/5 16:29,positive
2018/4/5 16:44,positive
2018/4/5 17:44,positive
2018/4/5 18:17,positive
2018/4/5 20:30,positive
2018/4/5 21:04,negative
2018/4/5 22:53,negative
2018/4/5 23:49,positive
2018/4/6 4:50,positive
2018/4/6 8:01,negative
2018/4/6 8:11,negative
2018/4/6 10:03,positive
2018/4/6 10:32,positive
2018/4/6 11:46,positive
2018/4/6 11:55,positive
2018/4/6 12:17,positive
2018/4/6 14:16,positive
2018/4/6 14:24,negative
2018/4/6 16:30,positive
2018/4/6 16:32,positive
2018/4/6 17:03,positive
2018/4/6 17:19,positive
2018/4/6 17:38,positive
2018/4/6 17:52,positive
2018/4/6 17:53,positive
2018/4/6 19:09,positive
2018/4/6 20:23,neutral
2018/4/6 20:25,positive
2018/4/6 20:44,negative
2018/4/7 10:35,positive
2018/4/7 11:04,positive
2018/4/7 13:28,positive
2018/4/7 15:32,negative
2018/4/7 16:17,positive
2018/4/7 17:19,neutral
2018/4/7 17:40,positive
2018/4/7 18:25,positive
2018/4/7 20:02,negative
2018/4/7 20:30,neutral
2018/4/7 21:34,positive
2018/4/7 21:53,positive
2018/4/8 8:26,positive
2018/4/8 14:57,positive
2018/4/8 16:14,negative
2018/4/8 17:29,negative
2018/4/8 19:26,negative
2018/4/8 20:18,positive
2018/4/9 6:09,positive
2018/4/9 7:40,negative
2018/4/9 7:49,negative
2018/4/9 8:01,negative
2018/4/9 8:46,positive
2018/4/9 9:02,positive
2018/4/9 11:02,positive
2018/4/9 11:23,positive
2018/4/9 12:38,positive
2018/4/9 12:54,positive
2018/4/9 13:53,positive
2018/4/9 16:19,positive
2018/4/9 16:57,positive
2018/4/9 17:10,positive
2018/4/9 17:31,positive
2018/4/9 17:52,positive
2018/4/9 18:40,negative
2018/4/9 19:18,negative
2018/4/9 19:40,positive
2018/4/9 20:00,positive
2018/4/9 20:12,positive
2018/4/9 20:18,negative
2018/4/9 21:21,positive
2018/4/9 21:24,negative
2018/4/10 6:10,positive
2018/4/10 6:19,positive
2018/4/10 6:51,positive
2018/4/10 8:03,positive
2018/4/10 8:05,positive
2018/4/10 8:18,positive
2018/4/10 8:25,positive
2018/4/10 8:26,positive
2018/4/10 9:18,positive
2018/4/10 10:09,negative
2018/4/10 10:22,positive
2018/4/10 10:51,positive
2018/4/10 12:24,neutral
2018/4/10 16:19,positive
2018/4/10 16:22,positive
2018/4/10 16:26,negative
2018/4/10 16:28,positive
2018/4/10 16:31,positive
2018/4/10 16:48,positive
2018/4/10 18:01,positive
2018/4/10 20:38,positive
2018/4/10 23:46,neutral
2018/4/11 6:11,positive
2018/4/11 7:48,positive
2018/4/11 8:25,negative
2018/4/11 9:35,neutral
2018/4/11 9:48,negative
2018/4/11 10:26,positive
2018/4/11 10:45,positive
2018/4/11 10:57,negative
2018/4/11 11:24,positive
2018/4/11 12:03,negative
2018/4/11 12:22,positive
2018/4/11 13:04,positive
2018/4/11 14:23,positive
2018/4/11 15:18,negative
2018/4/11 16:16,negative
2018/4/11 16:35,positive
2018/4/11 17:04,positive
2018/4/11 17:08,positive
2018/4/11 18:08,positive
2018/4/11 20:47,positive
2018/4/11 22:13,positive
2018/4/11 22:49,positive
2018/4/12 5:19,positive
2018/4/12 7:44,positive
2018/4/12 8:31,positive
2018/4/12 8:35,neutral
2018/4/12 8:39,positive
2018/4/12 8:52,positive
2018/4/12 9:50,positive
2018/4/12 11:31,positive
2018/4/12 12:36,positive
2018/4/12 12:37,positive
2018/4/12 16:14,positive
2018/4/12 16:17,positive
2018/4/12 16:21,negative
2018/4/12 16:23,positive
2018/4/12 16:24,positive
2018/4/12 16:31,negative
2018/4/12 16:38,positive
2018/4/12 16:48,positive
2018/4/12 17:24,positive
2018/4/12 18:06,positive
2018/4/12 18:16,positive
2018/4/12 19:30,negative
2018/4/12 21:15,positive
2018/4/12 21:42,positive
2018/4/12 22:13,positive
2018/4/13 5:27,negative
2018/4/13 6:36,positive
2018/4/13 6:41,positive
2018/4/13 6:46,positive
2018/4/13 6:55,negative
2018/4/13 7:14,positive
2018/4/13 7:37,positive
2018/4/13 9:17,positive
2018/4/13 10:54,positive
2018/4/13 11:30,negative
2018/4/13 13:08,positive
2018/4/13 13:19,positive
2018/4/13 13:33,positive
2018/4/13 14:23,negative
2018/4/13 16:25,positive
2018/4/13 16:25,positive
2018/4/13 16:38,neutral
2018/4/13 16:59,negative
2018/4/13 17:07,negative
2018/4/13 17:12,positive
2018/4/13 17:54,negative
2018/4/13 18:19,positive
2018/4/13 18:39,positive
2018/4/13 18:49,negative
2018/4/13 18:58,positive
2018/4/13 20:29,positive
2018/4/14 2:22,positive
2018/4/14 7:03,positive
2018/4/14 7:25,negative
2018/4/14 8:20,positive
2018/4/14 8:47,positive
2018/4/14 8:54,positive
2018/4/14 8:54,positive
2018/4/14 9:31,positive
2018/4/14 9:57,positive
2018/4/14 9:59,positive
2018/4/14 10:24,positive
2018/4/14 10:41,negative
2018/4/14 12:25,positive
2018/4/14 12:34,positive
2018/4/14 12:34,positive
2018/4/14 14:02,positive
2018/4/14 15:26,positive
2018/4/14 16:14,positive
2018/4/14 16:15,positive
2018/4/14 16:18,positive
2018/4/14 16:24,positive
2018/4/14 16:27,negative
2018/4/14 16:28,positive
2018/4/14 18:36,positive
2018/4/14 19:01,positive
2018/4/14 19:45,positive
2018/4/14 20:10,positive
2018/4/14 20:56,neutral
2018/4/15 6:05,positive
2018/4/15 6:31,positive
2018/4/15 7:09,positive
2018/4/15 9:03,positive
2018/4/15 9:33,positive
2018/4/15 10:22,positive
2018/4/15 10:22,positive
2018/4/15 10:51,positive
2018/4/15 10:56,positive
2018/4/15 15:20,positive
2018/4/15 17:04,neutral
2018/4/15 18:40,positive
2018/4/15 19:14,negative
2018/4/15 20:51,neutral
2018/4/15 21:38,neutral
2018/4/16 5:00,positive
2018/4/16 5:28,positive
2018/4/16 6:06,positive
2018/4/16 6:42,positive
2018/4/16 9:18,positive
2018/4/16 10:47,positive
2018/4/16 11:22,positive
2018/4/16 12:23,positive
2018/4/16 13:22,positive
2018/4/16 13:30,neutral
2018/4/16 13:43,negative
2018/4/16 14:44,positive
2018/4/16 14:51,positive
2018/4/16 16:17,positive
2018/4/16 16:20,positive
2018/4/16 16:43,positive
2018/4/16 17:32,negative
2018/4/16 18:06,positive
2018/4/16 18:35,positive
2018/4/16 23:50,positive
2018/4/17 6:24,negative
2018/4/17 8:57,positive
2018/4/17 10:22,positive
2018/4/17 11:28,negative
2018/4/17 12:10,negative
2018/4/17 12:44,positive
2018/4/17 12:57,positive
2018/4/17 13:02,negative
2018/4/17 13:49,positive
2018/4/17 13:52,positive
2018/4/17 14:36,positive
2018/4/17 17:06,positive
2018/4/17 18:02,positive
2018/4/17 20:26,negative
2018/4/18 6:16,positive
2018/4/18 8:05,positive
2018/4/18 8:46,positive
2018/4/18 8:59,neutral
2018/4/18 9:01,positive
2018/4/18 9:18,positive
2018/4/18 10:05,negative
2018/4/18 10:13,negative
2018/4/18 10:27,positive
2018/4/18 10:32,positive
2018/4/18 13:17,positive
2018/4/18 17:03,positive
2018/4/18 17:05,positive
2018/4/18 18:26,negative
2018/4/18 18:55,positive
2018/4/18 19:34,positive
2018/4/18 20:44,positive
2018/4/18 21:07,neutral
2018/4/18 21:54,negative
2018/4/19 1:05,positive
2018/4/19 4:35,positive
2018/4/19 6:02,positive
2018/4/19 6:24,positive
2018/4/19 7:39,positive
2018/4/19 7:46,positive
2018/4/19 8:22,positive
2018/4/19 8:29,positive
2018/4/19 8:47,neutral
2018/4/19 9:32,positive
2018/4/19 10:29,positive
2018/4/19 10:47,positive
2018/4/19 12:21,positive
2018/4/19 14:20,positive
2018/4/19 15:44,positive
2018/4/19 16:59,positive
2018/4/19 17:39,positive
2018/4/19 17:47,positive
2018/4/19 18:02,neutral
2018/4/19 18:08,positive
2018/4/19 18:16,positive
2018/4/19 19:14,positive
2018/4/20 4:59,positive
2018/4/20 5:53,negative
2018/4/20 6:25,positive
2018/4/20 8:03,negative
2018/4/20 8:36,negative
2018/4/20 8:47,positive
2018/4/20 8:55,positive
2018/4/20 9:09,negative
2018/4/20 10:09,positive
2018/4/20 10:25,positive
2018/4/20 10:51,positive
2018/4/20 11:40,positive
2018/4/20 12:56,negative
2018/4/20 12:58,positive
2018/4/20 14:54,neutral
2018/4/20 14:56,positive
2018/4/20 15:14,positive
2018/4/20 16:52,positive
2018/4/20 18:48,positive
2018/4/20 21:38,negative
2018/4/21 4:38,positive
2018/4/21 6:16,positive
2018/4/21 7:44,positive
2018/4/21 8:00,positive
2018/4/21 9:32,positive
2018/4/21 10:24,positive
2018/4/21 15:12,neutral
2018/4/21 15:28,positive
2018/4/21 16:17,positive
2018/4/21 16:42,negative
2018/4/21 16:48,negative
2018/4/21 17:46,positive
2018/4/21 19:37,positive
2018/4/22 8:51,positive
2018/4/22 10:23,positive
2018/4/22 11:42,positive
2018/4/22 11:57,positive
2018/4/22 12:22,positive
2018/4/22 16:17,positive
2018/4/22 17:48,positive
2018/4/22 17:57,positive
2018/4/22 18:36,positive
2018/4/22 20:41,positive
2018/4/22 21:34,positive
2018/4/22 21:49,negative
2018/4/22 21:54,positive
2018/4/23 5:01,positive
2018/4/23 6:26,positive
2018/4/23 7:24,positive
2018/4/23 7:40,positive
2018/4/23 8:24,positive
2018/4/23 8:46,positive
2018/4/23 9:39,positive
2018/4/23 9:43,positive
2018/4/23 10:52,negative
2018/4/23 11:04,positive
2018/4/23 12:15,positive
2018/4/23 13:28,negative
2018/4/23 16:17,positive
2018/4/23 16:45,positive
2018/4/23 17:13,positive
2018/4/23 17:58,negative
2018/4/23 18:54,negative
2018/4/23 19:02,positive
2018/4/23 21:35,positive
2018/4/23 22:45,positive
2018/4/24 4:19,positive
2018/4/24 7:25,negative
2018/4/24 8:29,positive
2018/4/24 8:44,positive
2018/4/24 8:44,positive
2018/4/24 8:49,positive
2018/4/24 9:27,positive
2018/4/24 10:47,positive
2018/4/24 12:00,positive
2018/4/24 14:28,positive
2018/4/24 15:21,positive
2018/4/24 15:49,negative
2018/4/24 16:32,positive
2018/4/24 16:35,negative
2018/4/24 17:01,neutral
2018/4/24 17:12,negative
2018/4/24 17:16,positive
2018/4/24 18:03,positive
2018/4/24 18:55,positive
2018/4/24 19:59,positive
2018/4/25 6:59,positive
2018/4/25 7:39,negative
2018/4/25 7:39,negative
2018/4/25 8:04,positive
2018/4/25 8:22,neutral
2018/4/25 9:02,negative
2018/4/25 9:02,negative
2018/4/25 9:11,positive
2018/4/25 10:30,negative
2018/4/25 11:45,positive
2018/4/25 16:20,positive
2018/4/25 16:26,positive
2018/4/25 16:26,neutral
2018/4/25 16:32,positive
2018/4/25 16:34,positive
2018/4/25 16:38,positive
2018/4/25 16:55,positive
2018/4/25 17:03,positive
2018/4/25 17:08,negative
2018/4/25 17:15,positive
2018/4/25 17:30,positive
2018/4/25 19:31,negative
2018/4/25 21:03,neutral
2018/4/25 21:11,positive
2018/4/25 21:21,positive
2018/4/25 21:33,positive
2018/4/25 22:24,positive
2018/4/26 0:25,negative
2018/4/26 0:39,positive
2018/4/26 6:20,positive
2018/4/26 7:09,positive
2018/4/26 9:14,positive
2018/4/26 9:23,negative
2018/4/26 9:29,positive
2018/4/26 9:30,positive
2018/4/26 10:08,positive
2018/4/26 10:16,neutral
2018/4/26 11:22,positive
2018/4/26 11:29,positive
2018/4/26 11:34,positive
2018/4/26 11:51,positive
2018/4/26 12:31,neutral
2018/4/26 13:09,positive
2018/4/26 14:08,positive
2018/4/26 16:02,positive
2018/4/26 16:18,positive
2018/4/26 16:24,positive
2018/4/26 16:25,positive
2018/4/26 16:58,positive
2018/4/26 20:07,positive
2018/4/26 20:43,positive
2018/4/26 20:50,positive
2018/4/26 21:56,positive
2018/4/27 5:35,positive
2018/4/27 8:38,positive
2018/4/27 8:58,positive
2018/4/27 9:14,positive
2018/4/27 9:52,negative
2018/4/27 9:54,negative
2018/4/27 10:01,positive
2018/4/27 10:04,negative
2018/4/27 10:31,negative
2018/4/27 11:08,positive
2018/4/27 13:18,positive
2018/4/27 13:38,positive
2018/4/27 14:07,positive
2018/4/27 17:02,positive
2018/4/27 17:16,neutral
2018/4/27 17:49,positive
2018/4/27 17:57,neutral
2018/4/27 18:54,positive
2018/4/27 18:59,positive
2018/4/27 20:21,positive
2018/4/27 22:33,positive
2018/4/28 2:26,positive
2018/4/28 2:50,positive
2018/4/28 6:12,positive
2018/4/28 6:32,negative
2018/4/28 7:36,positive
2018/4/28 12:59,positive
2018/4/28 13:45,positive
2018/4/28 14:09,positive
2018/4/28 16:27,positive
2018/4/28 16:35,positive
2018/4/28 17:09,positive
2018/4/28 17:09,positive
2018/4/29 0:27,positive
2018/4/29 5:47,positive
2018/4/29 16:17,positive
2018/4/29 16:21,positive
2018/4/29 18:03,positive
2018/4/29 18:26,positive
2018/4/29 18:41,positive
2018/4/29 18:50,positive
2018/4/29 19:08,positive
2018/4/29 20:36,positive
2018/4/30 6:03,positive
2018/4/30 6:50,positive
2018/4/30 7:34,positive
2018/4/30 7:45,positive
2018/4/30 11:13,positive
2018/4/30 12:30,neutral
2018/4/30 13:19,negative
2018/4/30 14:34,positive
2018/4/30 14:55,positive
2018/4/30 15:26,positive
2018/4/30 16:16,positive
2018/4/30 16:19,positive
2018/4/30 16:35,neutral
2018/4/30 16:56,positive
2018/4/30 18:47,positive
2018/4/30 19:22,positive
2018/4/30 19:36,positive
2018/4/30 20:04,negative
2018/4/30 20:35,positive
2018/4/30 21:04,negative
2018/4/30 21:22,positive
2018/4/30 21:39,positive
2018/4/30 21:43,positive
2018/4/30 22:13,positive
2018/5/1 9:11,positive
2018/5/1 10:04,positive
2018/5/1 12:34,positive
2018/5/1 13:29,positive
2018/5/1 14:51,neutral
2018/5/1 15:56,negative
2018/5/1 16:30,positive
2018/5/1 16:32,positive
2018/5/1 17:02,positive
2018/5/1 18:05,positive
2018/5/1 19:13,positive
2018/5/1 19:34,positive
2018/5/1 19:46,positive
2018/5/1 22:38,negative
2018/5/2 0:39,positive
2018/5/2 4:21,positive
2018/5/2 5:35,positive
2018/5/2 6:04,positive
2018/5/2 6:15,positive
2018/5/2 6:22,negative
2018/5/2 8:23,positive
2018/5/2 10:40,positive
2018/5/2 11:33,positive
2018/5/2 12:23,positive
2018/5/2 13:14,neutral
2018/5/2 13:48,positive
2018/5/2 14:03,negative
2018/5/2 14:03,negative
2018/5/2 15:31,positive
2018/5/2 15:31,positive
2018/5/2 16:08,positive
2018/5/2 17:17,positive
2018/5/2 20:45,positive
2018/5/3 5:06,negative
2018/5/3 5:57,positive
2018/5/3 6:00,positive
2018/5/3 6:31,negative
2018/5/3 8:29,positive
2018/5/3 9:01,positive
2018/5/3 9:19,positive
2018/5/3 10:28,positive
2018/5/3 10:47,negative
2018/5/3 11:04,negative
2018/5/3 12:47,positive
2018/5/3 13:32,positive
2018/5/3 14:42,positive
2018/5/3 14:52,negative
2018/5/3 14:52,negative
2018/5/3 15:12,negative
2018/5/3 16:19,positive
2018/5/3 16:22,positive
2018/5/3 16:43,positive
2018/5/3 16:59,positive
2018/5/3 17:08,positive
2018/5/3 19:19,positive
2018/5/3 19:23,negative
2018/5/3 21:38,negative
2018/5/3 22:13,positive
2018/5/3 23:19,positive
2018/5/4 5:47,positive
2018/5/4 6:44,neutral
2018/5/4 6:46,negative
2018/5/4 6:57,positive
2018/5/4 7:57,positive
2018/5/4 8:10,positive
2018/5/4 9:12,positive
2018/5/4 12:11,negative
2018/5/4 13:50,positive
2018/5/4 15:03,negative
2018/5/4 16:35,neutral
2018/5/4 16:44,positive
2018/5/4 16:49,positive
2018/5/4 19:24,positive
2018/5/4 20:31,positive
2018/5/5 5:55,negative
2018/5/5 7:50,positive
2018/5/5 8:08,negative
2018/5/5 9:34,positive
2018/5/5 10:22,positive
2018/5/5 11:17,positive
2018/5/5 12:09,positive
2018/5/5 16:44,positive
2018/5/5 16:45,positive
2018/5/5 17:23,positive
2018/5/5 19:04,positive
2018/5/5 23:56,positive
2018/5/6 12:39,positive
2018/5/6 15:46,negative
2018/5/6 15:56,positive
2018/5/6 16:21,positive
2018/5/6 16:38,positive
2018/5/6 17:51,positive
2018/5/6 19:35,positive
2018/5/6 19:47,positive
2018/5/6 20:30,positive
2018/5/6 20:46,negative
2018/5/6 21:17,negative
2018/5/6 21:37,positive
2018/5/6 23:54,negative
2018/5/7 3:45,negative
2018/5/7 4:22,negative
2018/5/7 5:01,positive
2018/5/7 5:27,positive
2018/5/7 5:49,positive
2018/5/7 6:24,positive
2018/5/7 6:52,positive
2018/5/7 7:19,positive
2018/5/7 7:29,positive
2018/5/7 7:49,neutral
2018/5/7 8:41,positive
2018/5/7 9:20,positive
2018/5/7 9:32,positive
2018/5/7 9:45,neutral
2018/5/7 9:53,neutral
2018/5/7 11:24,positive
2018/5/7 11:30,positive
2018/5/7 14:46,negative
2018/5/7 15:26,positive
2018/5/7 16:41,positive
2018/5/7 17:03,positive
2018/5/7 17:03,positive
2018/5/7 19:14,negative
2018/5/7 19:14,negative
2018/5/7 19:46,negative
2018/5/7 20:14,positive
2018/5/7 20:17,positive
2018/5/7 20:40,positive
2018/5/7 21:00,positive
2018/5/7 22:33,positive
2018/5/8 6:14,negative
2018/5/8 8:18,positive
2018/5/8 9:58,positive
2018/5/8 10:43,positive
2018/5/8 11:31,positive
2018/5/8 11:43,negative
2018/5/8 13:16,positive
2018/5/8 14:47,neutral
2018/5/8 15:33,positive
2018/5/8 16:16,positive
2018/5/8 16:31,negative
2018/5/8 16:46,positive
2018/5/8 16:51,positive
2018/5/8 17:10,positive
2018/5/8 17:47,positive
2018/5/8 18:30,negative
2018/5/8 18:32,positive
2018/5/8 20:10,positive
2018/5/8 22:52,positive
2018/5/9 0:37,positive
2018/5/9 5:41,negative
2018/5/9 6:11,positive
2018/5/9 6:26,neutral
2018/5/9 6:26,neutral
2018/5/9 6:43,negative
2018/5/9 7:01,positive
2018/5/9 8:01,positive
2018/5/9 11:55,positive
2018/5/9 13:10,positive
2018/5/9 16:06,negative
2018/5/9 16:18,positive
2018/5/9 16:23,positive
2018/5/9 16:26,negative
2018/5/9 16:42,positive
2018/5/9 16:51,positive
2018/5/9 16:56,positive
2018/5/9 17:43,negative
2018/5/9 17:43,negative
2018/5/9 17:54,positive
2018/5/9 18:36,positive
2018/5/9 19:37,negative
2018/5/9 20:33,positive
2018/5/10 6:55,positive
2018/5/10 10:56,negative
2018/5/10 10:59,negative
2018/5/10 11:10,positive
2018/5/10 11:36,positive
2018/5/10 11:40,negative
2018/5/10 11:43,negative
2018/5/10 11:43,negative
2018/5/10 12:28,positive
2018/5/10 13:11,positive
2018/5/10 13:44,positive
2018/5/10 14:56,positive
2018/5/10 15:51,negative
2018/5/10 16:01,positive
2018/5/10 16:16,positive
2018/5/10 16:18,positive
2018/5/10 16:31,positive
2018/5/10 17:01,neutral
2018/5/10 17:23,positive
2018/5/10 17:26,neutral
2018/5/10 17:26,neutral
2018/5/10 17:33,negative
2018/5/10 18:18,positive
2018/5/10 19:26,positive
2018/5/10 19:36,negative
2018/5/10 20:00,positive
2018/5/10 20:00,positive
2018/5/10 20:17,positive
2018/5/10 20:57,positive
2018/5/10 21:04,negative
2018/5/10 21:04,negative
2018/5/11 0:38,negative
2018/5/11 7:07,positive
2018/5/11 8:56,positive
2018/5/11 11:48,positive
2018/5/11 13:51,negative
2018/5/11 14:31,negative
2018/5/11 14:31,negative
2018/5/11 14:43,negative
2018/5/11 15:01,positive
2018/5/11 15:21,positive
2018/5/11 16:21,positive
2018/5/11 18:27,negative
2018/5/11 19:30,positive
2018/5/11 20:47,positive
2018/5/11 22:21,positive
2018/5/12 6:35,neutral
2018/5/12 6:35,neutral
2018/5/12 8:30,positive
2018/5/12 9:23,positive
2018/5/12 11:33,positive
2018/5/12 12:00,positive
2018/5/12 16:22,positive
2018/5/12 16:51,negative
2018/5/12 18:04,positive
2018/5/12 19:27,positive
2018/5/12 20:27,positive
2018/5/13 8:32,positive
2018/5/13 9:27,negative
2018/5/13 9:27,negative
2018/5/13 9:44,positive
2018/5/13 10:30,positive
2018/5/13 10:45,positive
2018/5/13 11:12,positive
2018/5/13 16:05,positive
2018/5/13 16:15,positive
2018/5/13 16:31,negative
2018/5/13 16:41,negative
2018/5/13 17:47,positive
2018/5/13 19:21,negative
2018/5/13 20:13,positive
2018/5/13 21:10,positive
2018/5/14 0:22,positive
2018/5/14 7:25,positive
2018/5/14 8:56,positive
2018/5/14 10:26,negative
2018/5/14 11:10,negative
2018/5/14 11:22,positive
2018/5/14 16:23,positive
2018/5/14 17:02,positive
2018/5/14 17:12,positive
2018/5/14 18:31,negative
2018/5/14 18:38,positive
2018/5/14 19:13,negative
2018/5/14 19:37,negative
2018/5/14 21:10,positive
2018/5/15 4:22,positive
2018/5/15 6:35,positive
2018/5/15 7:03,negative
2018/5/15 8:24,neutral
2018/5/15 9:49,positive
2018/5/15 10:44,negative
2018/5/15 11:08,negative
2018/5/15 16:16,neutral
2018/5/15 17:24,positive
2018/5/15 17:31,positive
2018/5/15 17:52,negative
2018/5/15 18:27,positive
2018/5/15 18:31,neutral
2018/5/15 18:31,neutral
2018/5/15 18:57,positive
2018/5/15 19:08,negative
2018/5/15 19:48,negative
2018/5/15 19:52,positive
2018/5/15 20:05,positive
2018/5/15 22:23,neutral
2018/5/15 22:25,positive
2018/5/16 4:36,negative
2018/5/16 7:31,neutral
2018/5/16 9:14,positive
2018/5/16 12:29,positive
2018/5/16 15:41,positive
2018/5/16 19:19,negative
2018/5/16 21:33,neutral
2018/5/17 4:04,positive
2018/5/17 5:26,positive
2018/5/17 7:07,negative
2018/5/17 7:56,negative
2018/5/17 9:03,negative
2018/5/17 13:21,positive
2018/5/17 14:33,positive
2018/5/17 15:21,positive
2018/5/17 16:19,positive
2018/5/17 17:54,negative
2018/5/17 18:48,positive
2018/5/17 19:35,positive
2018/5/17 19:38,neutral
2018/5/17 19:38,neutral
2018/5/17 20:28,negative
2018/5/17 20:38,negative
2018/5/17 20:38,negative
2018/5/17 23:53,negative
2018/5/17 23:53,negative
2018/5/18 6:34,neutral
2018/5/18 8:10,positive
2018/5/18 10:18,positive
2018/5/18 11:02,positive
2018/5/18 11:08,positive
2018/5/18 12:17,negative
2018/5/18 12:35,neutral
2018/5/18 14:00,positive
2018/5/18 15:18,positive
2018/5/18 16:25,positive
2018/5/18 16:30,negative
2018/5/18 16:32,neutral
2018/5/18 16:32,neutral
2018/5/18 17:53,negative
2018/5/18 17:53,negative
2018/5/18 18:20,positive
2018/5/18 20:36,negative
2018/5/18 21:20,positive
2018/5/18 21:45,positive
2018/5/19 6:45,negative
2018/5/19 8:05,positive
2018/5/19 9:51,positive
2018/5/19 9:56,positive
2018/5/19 14:11,negative
2018/5/19 14:26,positive
2018/5/19 14:27,positive
2018/5/19 16:22,positive
2018/5/19 16:42,negative
2018/5/19 16:54,negative
2018/5/19 17:12,positive
2018/5/19 18:17,negative
2018/5/19 18:33,negative
2018/5/19 18:33,negative
2018/5/19 20:35,negative
2018/5/20 4:47,neutral
2018/5/20 7:09,positive
2018/5/20 8:16,negative
2018/5/20 8:42,positive
2018/5/20 9:02,positive
2018/5/20 9:26,neutral
2018/5/20 9:49,positive
2018/5/20 10:54,negative
2018/5/20 13:15,positive
2018/5/20 14:26,positive
2018/5/20 14:30,negative
2018/5/20 14:30,negative
2018/5/20 16:02,positive
2018/5/20 16:22,negative
2018/5/20 16:38,positive
2018/5/20 16:55,positive
2018/5/20 17:10,positive
2018/5/20 17:18,positive
2018/5/20 18:11,positive
2018/5/20 18:47,negative
2018/5/20 18:52,positive
2018/5/20 18:52,positive
2018/5/20 20:43,positive
2018/5/20 21:40,positive
2018/5/21 5:08,neutral
2018/5/21 5:37,negative
2018/5/21 6:14,positive
2018/5/21 6:43,negative
2018/5/21 7:36,negative
2018/5/21 7:48,positive
2018/5/21 8:17,positive
2018/5/21 8:37,positive
2018/5/21 9:11,positive
2018/5/21 10:21,positive
2018/5/21 13:32,negative
2018/5/21 13:32,negative
2018/5/21 13:42,positive
2018/5/21 16:25,positive
2018/5/21 16:48,negative
2018/5/21 16:51,negative
2018/5/21 17:16,neutral
2018/5/21 17:22,positive
2018/5/21 17:25,positive
2018/5/21 17:35,negative
2018/5/21 18:15,negative
2018/5/21 18:17,positive
2018/5/21 18:18,negative
2018/5/21 18:33,positive
2018/5/21 19:06,positive
2018/5/21 20:02,neutral
2018/5/21 20:02,neutral
2018/5/21 21:21,positive
2018/5/21 21:35,negative
2018/5/22 4:23,positive
2018/5/22 6:28,negative
2018/5/22 9:19,neutral
2018/5/22 10:13,negative
2018/5/22 11:09,negative
2018/5/22 11:47,negative
2018/5/22 11:47,negative
2018/5/22 12:18,positive
2018/5/22 12:30,neutral
2018/5/22 12:47,positive
2018/5/22 12:56,negative
2018/5/22 13:19,positive
2018/5/22 13:53,positive
2018/5/22 14:17,positive
2018/5/22 16:38,positive
2018/5/22 16:59,negative
2018/5/22 17:01,positive
2018/5/22 17:57,negative
2018/5/22 21:13,negative
2018/5/23 5:11,positive
2018/5/23 5:18,positive
2018/5/23 5:34,positive
2018/5/23 7:59,positive
2018/5/23 8:52,positive
2018/5/23 9:43,positive
2018/5/23 9:56,negative
2018/5/23 10:16,positive
2018/5/23 14:41,positive
2018/5/23 15:41,positive
2018/5/23 15:47,positive
2018/5/23 16:22,positive
2018/5/23 16:25,positive
2018/5/23 16:25,positive
2018/5/23 16:35,positive
2018/5/23 16:45,positive
2018/5/23 16:58,positive
2018/5/23 17:17,positive
2018/5/23 17:53,negative
2018/5/23 17:58,negative
2018/5/23 19:07,positive
2018/5/23 19:24,positive
2018/5/23 21:23,negative
2018/5/23 22:15,negative
2018/5/24 6:02,positive
2018/5/24 6:21,negative
2018/5/24 7:18,negative
2018/5/24 8:50,positive
2018/5/24 10:26,positive
2018/5/24 10:37,positive
2018/5/24 11:38,negative
2018/5/24 12:33,positive
2018/5/24 12:52,positive
2018/5/24 13:13,neutral
2018/5/24 13:27,positive
2018/5/24 14:41,positive
2018/5/24 16:00,positive
2018/5/24 16:15,positive
2018/5/24 16:20,positive
2018/5/24 16:22,positive
2018/5/24 16:26,positive
2018/5/24 16:26,positive
2018/5/24 17:04,negative
2018/5/24 17:05,negative
2018/5/24 18:25,negative
2018/5/24 21:42,positive
2018/5/25 1:08,positive
2018/5/25 6:17,positive
2018/5/25 8:16,positive
2018/5/25 10:52,positive
2018/5/25 11:55,neutral
2018/5/25 11:55,neutral
2018/5/25 12:09,positive
2018/5/25 13:11,positive
2018/5/25 13:14,positive
2018/5/25 14:16,positive
2018/5/25 16:40,positive
2018/5/25 17:43,positive
2018/5/25 18:05,negative
2018/5/25 18:26,positive
2018/5/25 20:47,positive
2018/5/25 21:34,positive
2018/5/25 21:41,positive
2018/5/25 21:55,positive
2018/5/26 8:27,negative
2018/5/26 8:27,negative
2018/5/26 9:46,positive
2018/5/26 12:37,positive
2018/5/26 12:37,positive
2018/5/26 12:45,positive
2018/5/26 13:10,positive
2018/5/26 16:26,positive
2018/5/26 16:29,positive
2018/5/26 18:04,positive
2018/5/26 18:53,positive
2018/5/26 19:43,positive
2018/5/27 5:26,negative
2018/5/27 8:05,positive
2018/5/27 8:35,positive
2018/5/27 11:03,neutral
2018/5/27 14:45,positive
2018/5/27 15:06,positive
2018/5/27 16:17,positive
2018/5/27 16:28,positive
2018/5/27 16:36,positive
2018/5/27 16:41,positive
2018/5/27 16:46,positive
2018/5/27 19:13,positive
2018/5/27 20:05,positive
2018/5/27 20:38,positive
2018/5/28 5:21,positive
2018/5/28 5:43,negative
2018/5/28 6:06,negative
2018/5/28 6:06,negative
2018/5/28 6:15,positive
2018/5/28 6:20,neutral
2018/5/28 6:25,negative
2018/5/28 6:29,positive
2018/5/28 6:45,positive
2018/5/28 8:26,positive
2018/5/28 8:28,positive
2018/5/28 9:11,negative
2018/5/28 11:19,negative
2018/5/28 13:07,positive
2018/5/28 13:19,neutral
2018/5/28 15:23,positive
2018/5/28 15:40,positive
2018/5/28 16:18,positive
2018/5/28 16:23,positive
2018/5/28 16:25,positive
2018/5/28 16:39,positive
2018/5/28 17:17,positive
2018/5/28 17:57,positive
2018/5/28 18:06,negative
2018/5/28 18:21,neutral
2018/5/28 18:29,positive
2018/5/28 20:26,positive
2018/5/29 3:31,neutral
2018/5/29 5:32,positive
2018/5/29 5:47,negative
2018/5/29 6:11,positive
2018/5/29 6:50,positive
2018/5/29 7:00,positive
2018/5/29 8:21,positive
2018/5/29 9:12,positive
2018/5/29 9:23,positive
2018/5/29 9:28,positive
2018/5/29 9:41,positive
2018/5/29 13:31,positive
2018/5/29 16:23,neutral
2018/5/29 16:26,positive
2018/5/29 16:49,positive
2018/5/29 17:12,positive
2018/5/29 17:49,positive
2018/5/29 18:15,negative
2018/5/29 18:34,positive
2018/5/29 18:55,positive
2018/5/29 20:17,positive
2018/5/29 20:21,positive
2018/5/29 20:30,negative
2018/5/29 21:08,negative
2018/5/29 21:36,positive
2018/5/29 22:12,positive
2018/5/29 23:52,positive
2018/5/30 7:04,positive
2018/5/30 7:31,positive
2018/5/30 7:33,positive
2018/5/30 8:15,positive
2018/5/30 8:44,negative
2018/5/30 8:44,negative
2018/5/30 9:34,positive
2018/5/30 9:47,positive
2018/5/30 9:49,positive
2018/5/30 10:18,negative
2018/5/30 10:54,neutral
2018/5/30 11:21,positive
2018/5/30 11:54,positive
2018/5/30 12:17,positive
2018/5/30 12:32,positive
2018/5/30 13:50,positive
2018/5/30 16:20,positive
2018/5/30 16:24,positive
2018/5/30 16:25,negative
2018/5/30 16:28,positive
2018/5/30 16:48,positive
2018/5/30 17:22,positive
2018/5/30 17:41,positive
2018/5/30 17:51,positive
2018/5/30 18:13,neutral
2018/5/30 18:36,positive
2018/5/30 18:47,positive
2018/5/30 19:31,positive
2018/5/30 21:30,positive
2018/5/31 5:25,negative
2018/5/31 8:21,negative
2018/5/31 8:46,positive
2018/5/31 9:08,positive
2018/5/31 9:33,positive
2018/5/31 9:47,positive
2018/5/31 10:27,positive
2018/5/31 12:20,positive
2018/5/31 12:28,positive
2018/5/31 14:11,positive
2018/5/31 14:38,positive
2018/5/31 16:51,positive
2018/5/31 16:59,positive
2018/5/31 17:24,positive
2018/5/31 17:34,neutral
2018/5/31 18:25,positive
